{"cameraMode":{"drawMode":0,"name":"Shaded","section":"Shading Mode"},"sceneLighting":false,"audioPlay":false,"sceneViewState":{"m_AlwaysRefresh":false,"showFog":false,"showSkybox":false,"showFlares":true,"showImageEffects":true,"showParticleSystems":true,"showVisualEffectGraphs":true,"m_FxEnabled":true},"in2DMode":false,"pivot":{"x":2.4900715351104738,"y":-5.142586708068848,"z":12.184104919433594},"rotation":{"x":0.23769526183605195,"y":0.11767097562551499,"z":-0.02902180142700672,"w":0.9637499451637268},"size":11.57875919342041,"orthographic":false}